PRAGMA foreign_keys=OFF;
BEGIN TRANSACTION;
CREATE TABLE IF NOT EXISTS "migrations" ("id" integer primary key autoincrement not null, "migration" varchar not null, "batch" integer not null);
INSERT INTO migrations VALUES(1,'0001_01_01_000000_create_users_table',1);
INSERT INTO migrations VALUES(2,'0001_01_01_000001_create_cache_table',1);
INSERT INTO migrations VALUES(3,'0001_01_01_000002_create_jobs_table',1);
INSERT INTO migrations VALUES(4,'2024_05_01_170425_create_categories_table',1);
INSERT INTO migrations VALUES(5,'2024_05_01_170425_create_dishes_table',1);
INSERT INTO migrations VALUES(6,'2024_05_02_161951_sushi',1);
INSERT INTO migrations VALUES(7,'2024_05_06_232958_add_relevance_to_categories_table',1);
INSERT INTO migrations VALUES(8,'2024_05_08_175314_update_image_paths',1);
INSERT INTO migrations VALUES(9,'2024_06_06_192829_create_cantina_items_table',1);
INSERT INTO migrations VALUES(10,'2024_06_06_195740_add_image_to_cantina_items_table',1);
INSERT INTO migrations VALUES(11,'2024_06_06_203620_create_cantina_categories_table',1);
INSERT INTO migrations VALUES(12,'2024_06_06_225421_add_name_to_cantina_categories_table',1);
INSERT INTO migrations VALUES(13,'2024_06_06_230839_add_category_id_to_cantina_items_table',1);
INSERT INTO migrations VALUES(14,'2024_06_10_145724_create_cocktail_categories_table',1);
INSERT INTO migrations VALUES(15,'2024_06_10_145736_create_cocktails_table',1);
INSERT INTO migrations VALUES(16,'2024_06_10_152006_create_wine_categories_table',1);
INSERT INTO migrations VALUES(17,'2024_06_10_152006_create_wines_table',1);
INSERT INTO migrations VALUES(18,'2024_06_10_175518_add_image_to_cocktails_table',1);
INSERT INTO migrations VALUES(19,'2024_06_10_183503_create_settings_table',1);
INSERT INTO migrations VALUES(20,'2024_06_10_191713_add_background_images_to_settings_table',1);
INSERT INTO migrations VALUES(21,'2024_06_10_195512_add_style_settings_to_settings_table',1);
INSERT INTO migrations VALUES(22,'2024_06_10_201832_add_card_opacity_to_settings_table',1);
INSERT INTO migrations VALUES(23,'2024_06_10_202126_add_button_color_to_settings_table',1);
INSERT INTO migrations VALUES(24,'2024_06_10_202928_add_view_settings_to_settings_table',1);
INSERT INTO migrations VALUES(25,'2024_06_10_204657_add_view_settings_columns_to_settings_table',1);
INSERT INTO migrations VALUES(26,'2024_06_11_154045_add_visible_to_cocktails_table',1);
INSERT INTO migrations VALUES(27,'2024_06_11_154045_add_visible_to_dishes_table',1);
INSERT INTO migrations VALUES(28,'2024_06_11_154045_add_visible_to_wines_table',1);
INSERT INTO migrations VALUES(29,'2024_06_11_192051_add_logo_to_settings_table',1);
INSERT INTO migrations VALUES(30,'2024_06_11_203829_add_socials_and_info_to_settings',1);
INSERT INTO migrations VALUES(31,'2024_06_12_135939_add_category_styles_to_settings_table_new',1);
INSERT INTO migrations VALUES(32,'2024_06_12_172726_add_card_background_colors_to_settings_table',1);
INSERT INTO migrations VALUES(33,'2024_06_14_105034_add_button_font_size_and_fixed_bottom_font_settings_to_settings_table',1);
INSERT INTO migrations VALUES(34,'2024_06_14_110831_add_font_size_and_color_to_fixed_bottom_info_in_settings_table',1);
INSERT INTO migrations VALUES(35,'2024_06_16_173254_create_popups_table',1);
INSERT INTO migrations VALUES(36,'2024_06_18_192540_add_repeat_days_to_popups_table',1);
INSERT INTO migrations VALUES(37,'2025_11_02_132434_create_wine_types_table',1);
INSERT INTO migrations VALUES(38,'2025_11_02_132537_create_grapes_table',1);
INSERT INTO migrations VALUES(39,'2025_11_02_132602_create_regions_table',1);
INSERT INTO migrations VALUES(40,'2025_11_02_132629_create_food_pairings_table',1);
INSERT INTO migrations VALUES(41,'2025_11_02_132652_create_grape_wine_table',1);
INSERT INTO migrations VALUES(42,'2025_11_02_132723_create_food_pairing_wine_table',1);
INSERT INTO migrations VALUES(43,'2025_11_02_134852_add_type_and_region_to_wines_table',1);
INSERT INTO migrations VALUES(44,'2025_11_02_151046_add_dish_id_to_food_pairings_table',1);
INSERT INTO migrations VALUES(45,'2025_11_02_163441_remove_dish_id_from_food_pairings_table',1);
INSERT INTO migrations VALUES(46,'2025_11_02_163456_create_dish_food_pairing_table',1);
INSERT INTO migrations VALUES(47,'2025_11_02_170837_create_dish_wine_table',1);
INSERT INTO migrations VALUES(48,'2025_11_02_171452_make_category_id_nullable_in_wines',1);
INSERT INTO migrations VALUES(49,'2025_12_20_193414_create_events_table',1);
INSERT INTO migrations VALUES(50,'2025_12_20_193420_create_event_sections_table',1);
INSERT INTO migrations VALUES(51,'2025_12_20_193424_create_event_tickets_table',1);
INSERT INTO migrations VALUES(52,'2025_12_20_210000_create_event_notifications_table',1);
INSERT INTO migrations VALUES(53,'2025_12_20_220000_create_event_promotions_table',1);
INSERT INTO migrations VALUES(54,'2025_12_20_230000_add_position_to_dishes_table',1);
INSERT INTO migrations VALUES(55,'2025_12_20_230500_add_position_to_cocktails_table',1);
INSERT INTO migrations VALUES(56,'2025_12_20_230600_add_position_to_wines_table',1);
INSERT INTO migrations VALUES(57,'2025_12_20_232000_add_order_to_cocktail_and_wine_categories',1);
INSERT INTO migrations VALUES(58,'2025_12_22_150204_add_missing_legacy_settings_columns',1);
INSERT INTO migrations VALUES(59,'2025_12_22_150708_add_cover_button_labels_to_settings_table',1);
INSERT INTO migrations VALUES(60,'2025_12_23_010000_add_cover_fields_to_category_tables',1);
INSERT INTO migrations VALUES(61,'2025_12_23_011000_add_featured_flag_to_menu_items',1);
INSERT INTO migrations VALUES(62,'2025_12_23_020000_add_hero_images_to_settings_table',1);
INSERT INTO migrations VALUES(63,'2025_12_23_023000_add_cta_images_to_settings_table',1);
INSERT INTO migrations VALUES(64,'2025_12_23_024000_add_card_bg_color_cover_to_settings_table',1);
INSERT INTO migrations VALUES(65,'2025_12_24_010000_add_role_and_invitation_to_users_table',1);
INSERT INTO migrations VALUES(66,'2025_12_24_011000_create_loyalty_tables',1);
INSERT INTO migrations VALUES(67,'2025_12_24_012000_add_loyalty_fields_to_settings_table',1);
INSERT INTO migrations VALUES(68,'2025_12_24_013000_add_active_to_users_table',1);
INSERT INTO migrations VALUES(69,'2025_12_24_020000_add_missing_tab_labels_to_settings_table',1);
INSERT INTO migrations VALUES(70,'2025_12_24_030000_add_tab_visibility_flags_to_settings_table',1);
INSERT INTO migrations VALUES(71,'2025_12_24_040000_add_secondary_cover_text_color_to_settings_table',1);
INSERT INTO migrations VALUES(72,'2025_12_24_041000_add_cover_text_fields_to_settings_table',1);
INSERT INTO migrations VALUES(73,'2025_12_24_042000_add_cover_cta_colors_to_settings_table',1);
INSERT INTO migrations VALUES(74,'2025_12_24_043000_add_featured_colors_to_settings_table',2);
INSERT INTO migrations VALUES(75,'2025_12_24_050500_add_vip_cta_colors_to_settings_table',3);
INSERT INTO migrations VALUES(76,'2025_12_24_051500_add_cover_cta_visibility_flags',4);
INSERT INTO migrations VALUES(78,'2025_12_24_052500_create_cocktail_dish_table',6);
INSERT INTO migrations VALUES(79,'2025_12_24_052900_alter_cover_highlight_columns_to_text',7);
INSERT INTO migrations VALUES(80,'2025_12_24_060000_create_cover_carousel_items_table',8);
INSERT INTO migrations VALUES(81,'2025_12_24_004447_add_featured_card_colors_to_settings_table',9);
INSERT INTO migrations VALUES(82,'2025_12_24_053100_alter_cover_cta_color_columns_to_text',9);
INSERT INTO migrations VALUES(83,'2026_01_05_000000_add_api_token_to_users_table',10);
INSERT INTO migrations VALUES(84,'2025_12_26_000000_create_dish_recommendations_table',11);
INSERT INTO migrations VALUES(85,'2025_12_26_000001_create_extras_table',12);
INSERT INTO migrations VALUES(86,'2025_12_26_000002_create_extra_assignments_table',12);
INSERT INTO migrations VALUES(87,'2025_12_27_000000_add_view_scope_to_categories_table',13);
INSERT INTO migrations VALUES(88,'2025_12_27_000100_merge_specialty_categories_into_categories_table',14);
INSERT INTO migrations VALUES(89,'2026_01_13_125441_create_table_sessions_table',15);
INSERT INTO migrations VALUES(90,'2026_01_13_125442_create_orders_table',15);
INSERT INTO migrations VALUES(91,'2026_01_13_125443_create_order_items_table',15);
INSERT INTO migrations VALUES(92,'2026_01_13_125444_create_order_item_extras_table',15);
INSERT INTO migrations VALUES(93,'2026_01_13_145625_patch_missing_cocktail_wine_categories',16);
CREATE TABLE IF NOT EXISTS "users" ("id" integer primary key autoincrement not null, "name" varchar not null, "email" varchar not null, "email_verified_at" datetime, "password" varchar not null, "remember_token" varchar, "created_at" datetime, "updated_at" datetime, "role" varchar not null default 'admin', "invitation_token" varchar, "invitation_sent_at" datetime, "invitation_accepted_at" datetime, "active" tinyint(1) not null default '1', "api_token" varchar);
INSERT INTO users VALUES(1,'Admin Café','info@bbtdpr.com',NULL,'$2y$12$o8q3BgylwhdJaO9Kds3wbem2Q27gBJMZ5/LDF6fiy6x3R1PAFD/aS',NULL,'2025-12-23 15:39:53','2025-12-23 15:41:56','admin',NULL,NULL,NULL,1,NULL);
INSERT INTO users VALUES(2,'Admin Café','info@bbtspr.com',NULL,'$2y$12$B3Uf7q0FR2yjdCbwghFrFet.jbce96cVCuJqoA0dlzS9pCDkDLTwC',NULL,'2025-12-23 15:39:54','2025-12-23 15:41:56','admin',NULL,NULL,NULL,1,NULL);
INSERT INTO users VALUES(4,'carlo rivera','cariver30@gmail.com',NULL,'$2y$12$520iRQ7QK8Am02JpTFAEkehYdBvvchXVsaBVYQKjWB0PSwTleEqUe',NULL,'2025-12-23 17:37:09','2025-12-23 17:38:54','server',NULL,'2025-12-23 17:37:09','2025-12-23 17:38:54',1,NULL);
INSERT INTO users VALUES(5,'Test','cariver30@hotmail.com',NULL,'$2y$12$GPgQLAdO3/YsEoS9f7vZW.lsYStw8N2P.SPMC1Bf0bDIHadL4S73q',NULL,'2025-12-24 13:13:22','2025-12-24 13:13:22','manager','$2y$12$ZTIy/HtCRiDoPX11ghRAuO8sCvRGiDC5hAhwUruSaS5jQG5opDxyy','2025-12-24 13:13:22',NULL,1,NULL);
INSERT INTO users VALUES(6,'Yami Hernandez','yamihdz@me.com',NULL,'$2y$12$1FbTuMWmo/syKKFgkygbEu5wxlTK9awWVwuqdUG2IueeAbehmP8KK',NULL,'2026-01-13 18:47:59','2026-01-13 18:49:52','server',NULL,NULL,NULL,1,'4755275f97ce6f8f22610b33aab21c0c4580b551a7bc53246562f91fcb79489f');
CREATE TABLE IF NOT EXISTS "password_reset_tokens" ("email" varchar not null, "token" varchar not null, "created_at" datetime, primary key ("email"));
CREATE TABLE IF NOT EXISTS "sessions" ("id" varchar not null, "user_id" integer, "ip_address" varchar, "user_agent" text, "payload" text not null, "last_activity" integer not null, primary key ("id"));
INSERT INTO sessions VALUES('7Gm1DPvzb5rXx9jrmoxipayjmbQfdFQEoRWD587y',NULL,'127.0.0.1','Mozilla/5.0 (Linux; Android 6.0; Nexus 5 Build/MRA58N) AppleWebKit/537.36 (KHTML, like Gecko) Chrome/143.0.0.0 Mobile Safari/537.36','YTozOntzOjY6Il90b2tlbiI7czo0MDoiU3ZVWEpHQXpvR0kzNnpTYTllNFA4QmpQTHQyVzBqbUFYSTVybnh6WiI7czo5OiJfcHJldmlvdXMiO2E6MTp7czozOiJ1cmwiO3M6NjM6Imh0dHA6Ly8xMjcuMC4wLjE6ODAwMy9tZXNhL2JlZWUwYzdmLWE1NTItNDk0OS1hZDViLTViZjgwNmYzZWZmNyI7fXM6NjoiX2ZsYXNoIjthOjI6e3M6Mzoib2xkIjthOjA6e31zOjM6Im5ldyI7YTowOnt9fX0=',1768332318);
CREATE TABLE IF NOT EXISTS "cache" ("key" varchar not null, "value" text not null, "expiration" integer not null, primary key ("key"));
INSERT INTO cache VALUES('variver30@gmail.com|127.0.0.1:timer','i:1766665086;',1766665086);
INSERT INTO cache VALUES('variver30@gmail.com|127.0.0.1','i:1;',1766665086);
CREATE TABLE IF NOT EXISTS "cache_locks" ("key" varchar not null, "owner" varchar not null, "expiration" integer not null, primary key ("key"));
CREATE TABLE IF NOT EXISTS "jobs" ("id" integer primary key autoincrement not null, "queue" varchar not null, "payload" text not null, "attempts" integer not null, "reserved_at" integer, "available_at" integer not null, "created_at" integer not null);
CREATE TABLE IF NOT EXISTS "job_batches" ("id" varchar not null, "name" varchar not null, "total_jobs" integer not null, "pending_jobs" integer not null, "failed_jobs" integer not null, "failed_job_ids" text not null, "options" text, "cancelled_at" integer, "created_at" integer not null, "finished_at" integer, primary key ("id"));
CREATE TABLE IF NOT EXISTS "failed_jobs" ("id" integer primary key autoincrement not null, "uuid" varchar not null, "connection" text not null, "queue" text not null, "payload" text not null, "exception" text not null, "failed_at" datetime not null default CURRENT_TIMESTAMP);
CREATE TABLE IF NOT EXISTS "categories" ("id" integer primary key autoincrement not null, "name" varchar not null, "order" integer not null default '0', "created_at" datetime, "updated_at" datetime, "relevance" integer not null default '0', "show_on_cover" tinyint(1) not null default '0', "cover_title" varchar, "cover_subtitle" varchar, "view_scope" varchar not null default 'menu');
INSERT INTO categories VALUES(1,'Desayunos',1,'2025-12-23 15:41:56','2025-12-23 15:41:56',1,1,'Desayunos','Jugos naturales, espresso bar y clásicos ligeros.','menu');
INSERT INTO categories VALUES(2,'Brunch',2,'2025-12-23 15:41:56','2025-12-23 15:41:56',2,1,'Brunch','French toast, waffles y platillos indulgentes.','menu');
INSERT INTO categories VALUES(3,'Sandwiches',3,'2025-12-23 15:41:56','2025-12-23 15:41:56',3,1,'Sandwiches','Panes artesanales, wraps y mezclas saladas.','menu');
INSERT INTO categories VALUES(4,'Postres y otros',4,'2025-12-23 15:41:56','2025-12-23 15:41:56',4,0,'Postres y otros','Para cerrar o acompañar tu ritual.','menu');
INSERT INTO categories VALUES(5,'Menú de chitines',5,'2025-12-23 15:41:56','2025-12-23 15:41:56',5,0,'Menú de chitines','Porciones pensadas para peques y antojos.','menu');
INSERT INTO categories VALUES(6,'test',1,'2025-12-24 12:34:08','2025-12-24 12:34:08',0,0,'test',NULL,'cocktails');
INSERT INTO categories VALUES(7,'Mongo ,',2,'2025-12-24 12:34:26','2025-12-24 12:34:26',0,0,'Mongo',NULL,'cocktails');
INSERT INTO categories VALUES(8,'CAfe Caliente',1,'2025-12-24 10:33:53','2025-12-24 10:33:53',0,0,'cafe',NULL,'coffee');
INSERT INTO categories VALUES(9,'Cafe frio',2,'2025-12-24 10:34:25','2025-12-24 10:34:25',0,0,'cafe frio',NULL,'coffee');
INSERT INTO categories VALUES(10,'Bebidas de temporada',3,'2025-12-27 16:00:00','2025-12-27 16:00:00',0,1,'Bebidas de temporada',NULL,'coffee');
CREATE TABLE IF NOT EXISTS "dishes" ("id" integer primary key autoincrement not null, "name" varchar not null, "description" text not null, "price" numeric not null, "image" varchar, "category_id" integer not null, "created_at" datetime, "updated_at" datetime, "visible" tinyint(1) not null default '1', "position" integer not null default '0', "featured_on_cover" tinyint(1) not null default '0', foreign key("category_id") references "categories"("id") on delete cascade);
INSERT INTO dishes VALUES(1,'Jugos Naturales','Selección rotativa de frutas prensadas al momento.',6,NULL,1,'2025-12-23 15:41:56','2025-12-23 15:41:56',1,1,0);
INSERT INTO dishes VALUES(2,'Cortadito','Blend espresso + leche texturizada.',2.5,NULL,1,'2025-12-23 15:41:56','2025-12-23 15:41:56',1,2,0);
INSERT INTO dishes VALUES(3,'Latte','Doble espresso y micro espuma sedosa.',4.5,NULL,1,'2025-12-23 15:41:56','2025-12-23 15:41:56',1,3,0);
INSERT INTO dishes VALUES(4,'Café Mocha','Espresso, cacao y espuma cremosa.',5,NULL,1,'2025-12-23 15:41:56','2025-12-23 15:41:56',1,4,0);
INSERT INTO dishes VALUES(5,'Capuccino','Clásico con doble shot y espuma aireada.',4.75,NULL,1,'2025-12-23 15:41:56','2025-12-23 15:41:56',1,5,0);
INSERT INTO dishes VALUES(6,'Espresso','Shot etíope natural con notas de cacao.',2.25,NULL,1,'2025-12-23 15:41:56','2025-12-23 15:41:56',1,6,0);
INSERT INTO dishes VALUES(7,'Coquito Latte','Latte con crema de coco especiada y nuez moscada.',6,NULL,1,'2025-12-23 15:41:56','2025-12-23 15:41:56',1,7,1);
INSERT INTO dishes VALUES(8,'Chocolate Caliente','Cacao oscuro, leche texturizada y vainilla.',4,NULL,1,'2025-12-23 15:41:56','2025-12-23 15:41:56',1,8,0);
INSERT INTO dishes VALUES(9,'Chai Latte','Chai especiado con leche vaporizada.',5,NULL,1,'2025-12-23 15:41:56','2025-12-23 15:41:56',1,9,0);
INSERT INTO dishes VALUES(10,'Tostadas con mantequilla','Pan artesanal tostado con mantequilla batida.',4.5,NULL,1,'2025-12-23 15:41:56','2025-12-23 15:41:56',1,10,0);
INSERT INTO dishes VALUES(11,'Mallorca','Mallorca clásica con mantequilla y azúcar glas.',4.5,NULL,1,'2025-12-23 15:41:56','2025-12-23 15:41:56',1,11,0);
INSERT INTO dishes VALUES(12,'Revoltillo','Huevos suaves con hierbas y aceite de oliva.',8.5,NULL,1,'2025-12-23 15:41:56','2025-12-23 15:41:56',1,12,0);
INSERT INTO dishes VALUES(13,'Avena con frutas y granola','Avena cremosa con toppings de fruta fresca.',5,NULL,1,'2025-12-23 15:41:56','2025-12-23 15:41:56',1,13,0);
INSERT INTO dishes VALUES(14,'Avena plain','Versión clásica con toque de canela.',4,NULL,1,'2025-12-23 15:41:56','2025-12-23 15:41:56',1,14,0);
INSERT INTO dishes VALUES(15,'Cranberry French Toast','Brioche bañado en syrup de cranberry con frutos rojos.',12,NULL,2,'2025-12-23 15:41:56','2025-12-23 15:41:56',1,1,1);
INSERT INTO dishes VALUES(16,'Triple Decker Montecristo','French toast relleno de jamón, queso y miel especiada.',12,NULL,2,'2025-12-23 15:41:56','2025-12-23 15:41:56',1,2,0);
INSERT INTO dishes VALUES(17,'Coquito French Toast','Toasts infusionadas en coquito artesanal y coco tostado.',12,NULL,2,'2025-12-23 15:41:56','2025-12-23 15:41:56',1,3,0);
INSERT INTO dishes VALUES(18,'50/50 French Toast','Mitad dulce, mitad salado con sirope de ron especiado.',14,NULL,2,'2025-12-23 15:41:56','2025-12-23 15:41:56',1,4,0);
INSERT INTO dishes VALUES(19,'Waffle con frutas, Nutella & whip','Waffle dorado con frutas de temporada, Nutella y crema.',10,NULL,2,'2025-12-23 15:41:56','2025-12-23 15:41:56',1,5,0);
INSERT INTO dishes VALUES(20,'Pumpkin Cheesecake French Toast','Relleno de cheesecake de calabaza y crumble especiado.',12,NULL,2,'2025-12-23 15:41:56','2025-12-23 15:41:56',1,6,0);
INSERT INTO dishes VALUES(21,'Berry Cheesecake Waffle','Waffle crujiente con cheesecake batido y berries.',12,NULL,2,'2025-12-23 15:41:56','2025-12-23 15:41:56',1,7,0);
INSERT INTO dishes VALUES(22,'French Marqués','French toast deluxe con helado y reducción de Aperol.',16,NULL,2,'2025-12-23 15:41:56','2025-12-23 15:41:56',1,8,0);
INSERT INTO dishes VALUES(23,'Happy Wife Happy Life','Tabla brunch para compartir con pancakes, frutas y salsas.',15,NULL,2,'2025-12-23 15:41:56','2025-12-23 15:41:56',1,9,0);
INSERT INTO dishes VALUES(24,'Sandwich (J Q H)','Jamón, queso y huevo con pan sobao a la plancha.',7.5,NULL,3,'2025-12-23 15:41:56','2025-12-23 15:41:56',1,1,0);
INSERT INTO dishes VALUES(25,'Sandwich (J - Q)','Sándwich clásico de jamón y queso tostado.',6.5,NULL,3,'2025-12-23 15:41:56','2025-12-23 15:41:56',1,2,0);
INSERT INTO dishes VALUES(26,'Sandwich de hummus','Hummus casero, vegetales asados y pan ciabatta.',10,NULL,3,'2025-12-23 15:41:56','2025-12-23 15:41:56',1,3,0);
INSERT INTO dishes VALUES(27,'Sandwich italiano','Capicola, mozzarella fresca, pesto y tomate heirloom.',10,NULL,3,'2025-12-23 15:41:56','2025-12-23 15:41:56',1,4,0);
INSERT INTO dishes VALUES(28,'Mediterranean Wrap','Wrap tibio con pollo, tzatziki y vegetales crujientes.',11,NULL,3,'2025-12-23 15:41:56','2025-12-23 15:41:56',1,5,0);
INSERT INTO dishes VALUES(29,'Cordon Bleu','Pechuga empanada rellena de jamón y queso derretido.',10,NULL,3,'2025-12-23 15:41:56','2025-12-23 15:41:56',1,6,0);
INSERT INTO dishes VALUES(30,'Sandwich J-Q (Clásico)','Receta insignia con pan sobao y mantequilla local.',6.5,NULL,3,'2025-12-23 15:41:56','2025-12-23 15:41:56',1,7,0);
INSERT INTO dishes VALUES(31,'Choco Chip + Almond Cheesecake Waffle','Waffle relleno de cheesecake de almendra y chispas de chocolate.',12,NULL,4,'2025-12-23 15:41:56','2025-12-23 15:41:56',1,1,0);
INSERT INTO dishes VALUES(32,'Iced Chocolate','Bebida fría de cacao oscuro con leche especiada.',4.5,NULL,4,'2025-12-23 15:41:56','2025-12-23 15:41:56',1,2,0);
INSERT INTO dishes VALUES(33,'Iced Mocha','Versión fría del mocha con espresso doble.',5.5,NULL,4,'2025-12-23 15:41:56','2025-12-23 15:41:56',1,3,0);
INSERT INTO dishes VALUES(34,'Iced Chai Latte','Infusión fría de chai con leche especiada.',5.5,NULL,4,'2025-12-23 15:41:56','2025-12-23 15:41:56',1,4,0);
INSERT INTO dishes VALUES(35,'Refrescos','Selección de refrescos artesanales y sodas.',1.75,NULL,4,'2025-12-23 15:41:56','2025-12-23 15:41:56',1,5,0);
INSERT INTO dishes VALUES(36,'Water','Agua filtrada o con gas.',1.75,NULL,4,'2025-12-23 15:41:56','2025-12-23 15:41:56',1,6,0);
INSERT INTO dishes VALUES(37,'1/2 Pancake (Frutas, Nutella y whip)','Media porción pensada para peques con toppings.',6,NULL,5,'2025-12-23 15:41:56','2025-12-23 15:41:56',1,1,0);
INSERT INTO dishes VALUES(38,'Pedacitos','Bocados dulces para compartir.',4,NULL,5,'2025-12-23 15:41:56','2025-12-23 15:41:56',1,2,0);
INSERT INTO dishes VALUES(39,'Side - Tortilla','Porción individual de tortilla española.',6,NULL,5,'2025-12-23 15:41:56','2025-12-23 15:41:56',1,3,0);
INSERT INTO dishes VALUES(40,'Side - Revoltillo','Huevos batidos con sofrito ahumado.',6,NULL,5,'2025-12-23 15:41:56','2025-12-23 15:41:56',1,4,0);
INSERT INTO dishes VALUES(41,'Agua','Agua filtrada en porción infantil.',1.75,NULL,5,'2025-12-23 15:41:56','2025-12-23 15:41:56',1,5,0);
CREATE TABLE IF NOT EXISTS "cantina_items" ("id" integer primary key autoincrement not null, "name" varchar not null, "description" text, "price" numeric not null, "created_at" datetime, "updated_at" datetime, "image" varchar, "category_id" integer not null);
CREATE TABLE IF NOT EXISTS "cantina_categories" ("id" integer primary key autoincrement not null, "name" varchar not null, "created_at" datetime, "updated_at" datetime);
CREATE TABLE IF NOT EXISTS "cocktails" ("id" integer primary key autoincrement not null, "name" varchar not null, "description" text, "price" numeric not null, "category_id" integer not null, "created_at" datetime, "updated_at" datetime, "image" varchar, "visible" tinyint(1) not null default '1', "position" integer not null default '0', "featured_on_cover" tinyint(1) not null default '0', foreign key("category_id") references "cocktail_categories"("id") on delete cascade);
INSERT INTO cocktails VALUES(1,'asdv','axc',4,7,'2025-12-24 12:34:59','2025-12-24 12:34:59','cocktail_images/k9BscdQvqhp44atUmO9EDnSKRH0dJD2qRRORmsXX.jpg',1,0,0);
INSERT INTO cocktails VALUES(2,'qsdvwrgnu6n4n','dvryu47u4ery',7,6,'2025-12-24 12:35:36','2025-12-24 12:35:36','cocktail_images/u1CLHsrBwTtXXDboVxAvUFLd9WMlpF1WYN3ZeNXR.jpg',1,0,0);
CREATE TABLE IF NOT EXISTS "settings" ("id" integer primary key autoincrement not null, "background_image_cover" varchar, "background_image_menu" varchar, "created_at" datetime, "updated_at" datetime, "background_image_cocktails" varchar, "background_image_wines" varchar, "font_family" varchar, "text_color" varchar, "opacity" numeric, "card_opacity" numeric, "button_color" varchar, "text_color_cover" varchar, "text_color_menu" varchar, "text_color_cocktails" varchar, "text_color_wines" varchar, "card_opacity_cover" numeric, "card_opacity_menu" numeric, "card_opacity_cocktails" numeric, "card_opacity_wines" numeric, "font_family_cover" varchar, "font_family_menu" varchar, "font_family_cocktails" varchar, "font_family_wines" varchar, "button_color_cover" varchar, "button_color_menu" varchar, "button_color_cocktails" varchar, "button_color_wines" varchar, "logo" varchar, "facebook_url" varchar, "twitter_url" varchar, "instagram_url" varchar, "phone_number" varchar, "business_hours" text, "category_name_bg_color_menu" varchar, "category_name_text_color_menu" varchar, "category_name_font_size_menu" integer, "category_name_bg_color_cocktails" varchar, "category_name_text_color_cocktails" varchar, "category_name_font_size_cocktails" integer, "category_name_bg_color_wines" varchar, "category_name_text_color_wines" varchar, "category_name_font_size_wines" integer, "card_bg_color_menu" varchar, "card_bg_color_cocktails" varchar, "card_bg_color_wines" varchar, "button_font_size_cover" integer default '18', "fixed_bottom_font_size" integer default '14', "fixed_bottom_font_color" varchar default '#ffffff', "background_image" varchar, "category_name_bg_color" varchar, "category_name_text_color" varchar, "category_name_font_size" integer, "button_label_menu" varchar default 'Menú', "button_label_cocktails" varchar default 'Cócteles', "button_label_wines" varchar default 'Cafe', "button_label_events" varchar default 'Eventos especiales', "button_label_vip" varchar default 'Lista VIP', "button_label_reservations" varchar default 'Reservas', "cover_gallery_image_1" varchar, "cover_gallery_image_2" varchar, "cover_gallery_image_3" varchar, "menu_hero_image" varchar, "cocktail_hero_image" varchar, "coffee_hero_image" varchar, "cta_image_menu" varchar, "cta_image_cafe" varchar, "cta_image_cocktails" varchar, "cta_image_events" varchar, "cta_image_reservations" varchar, "card_bg_color_cover" varchar, "loyalty_points_per_visit" integer not null default '10', "loyalty_terms" text, "loyalty_email_copy" text, "tab_label_menu" varchar, "tab_label_cocktails" varchar, "tab_label_wines" varchar, "tab_label_events" varchar, "tab_label_loyalty" varchar, "show_tab_menu" tinyint(1) not null default '1', "show_tab_cocktails" tinyint(1) not null default '1', "show_tab_wines" tinyint(1) not null default '1', "show_tab_events" tinyint(1) not null default '1', "show_tab_campaigns" tinyint(1) not null default '1', "show_tab_popups" tinyint(1) not null default '1', "show_tab_loyalty" tinyint(1) not null default '1', "text_color_cover_secondary" varchar, "cover_hero_kicker" varchar, "cover_hero_title" varchar, "cover_hero_paragraph" text, "cover_location_text" varchar, "cover_highlight_1_label" varchar, "cover_highlight_1_title" varchar, "cover_highlight_1_description" text, "cover_highlight_2_label" varchar, "cover_highlight_2_title" varchar, "cover_highlight_2_description" text, "cover_highlight_3_label" varchar, "cover_highlight_3_title" varchar, "cover_highlight_3_description" text, "cover_cta_menu_bg_color" varchar, "cover_cta_menu_text_color" varchar, "cover_cta_cafe_bg_color" varchar, "cover_cta_cafe_text_color" varchar, "cover_cta_cocktails_bg_color" varchar, "cover_cta_cocktails_text_color" varchar, "cover_cta_events_bg_color" varchar, "cover_cta_events_text_color" varchar, "cover_cta_reservations_bg_color" varchar, "cover_cta_reservations_text_color" varchar, "featured_card_bg_color" varchar, "featured_card_text_color" varchar, "featured_tab_bg_color" varchar, "featured_tab_text_color" varchar, "cover_cta_vip_bg_color" varchar, "cover_cta_vip_text_color" varchar, "show_cta_menu" tinyint(1) not null default '1', "show_cta_cafe" tinyint(1) not null default '1', "show_cta_cocktails" tinyint(1) not null default '1', "show_cta_events" tinyint(1) not null default '1', "show_cta_reservations" tinyint(1) not null default '1', "show_cta_vip" tinyint(1) not null default '1');
INSERT INTO settings VALUES(1,'background_images/ggZSioaBpn7QvCLr03Et6MKx1VhGKckILxjmc0mO.jpg',NULL,'2025-12-23 15:41:56','2025-12-24 13:12:55',NULL,'background_images/EUFSKDncABUy6RqORcFG1pcugzBdOYN6G5VyXzci.jpg',NULL,NULL,NULL,NULL,NULL,'#55d8c2',NULL,'#3823d7','#000000',1,NULL,1,1,'Arial',NULL,NULL,NULL,'#1f07cf',NULL,'#000000','#58c828','logos/lgYgGKwUKV4ahSjRcTs5PvsN7fHoZ05GL9tOhfWD.jpg',NULL,NULL,NULL,NULL,NULL,NULL,NULL,NULL,'#ffffff','#000000',16,'#000000','#a75252',16,NULL,'#d22d2d','#c3d00b',18,14,'#075964',NULL,NULL,NULL,NULL,'Menú','bebidas','Café & Brunch','Eventos especiales','Lista VIP','Reservas',NULL,NULL,NULL,NULL,NULL,NULL,NULL,NULL,NULL,NULL,NULL,'#98952f',10,NULL,NULL,'Menú','bebidas','Café & Brunch','Eventos especiales','Fidelidad',1,1,1,0,1,1,1,'#131206',NULL,'Bienvenidos a la experiencia de el cafe','Somos expertos creado experiencia de desayunos',NULL,'Brunch','Lo mejor que puedes encontrar ,','Variedad entre sabor y mimosa',NULL,NULL,NULL,NULL,NULL,NULL,'#000000','#ffffff','#000000','#ffffff','#000000','#ffffff','#000000','#ffffff','#000000','#ce4040','#1a4cc1','#ffffff','#7e2525','#ffffff','#000000','#ffffff',1,1,1,0,0,1);
CREATE TABLE IF NOT EXISTS "popups" ("id" integer primary key autoincrement not null, "title" varchar not null, "image" varchar not null, "view" varchar not null, "start_date" datetime not null, "end_date" datetime not null, "active" tinyint(1) not null default '0', "created_at" datetime, "updated_at" datetime, "repeat_days" varchar);
CREATE TABLE IF NOT EXISTS "wine_types" ("id" integer primary key autoincrement not null, "name" varchar not null, "created_at" datetime, "updated_at" datetime);
CREATE TABLE IF NOT EXISTS "grapes" ("id" integer primary key autoincrement not null, "name" varchar not null, "wine_type_id" integer, "description" text, "created_at" datetime, "updated_at" datetime, foreign key("wine_type_id") references "wine_types"("id") on delete set null);
CREATE TABLE IF NOT EXISTS "regions" ("id" integer primary key autoincrement not null, "name" varchar not null, "created_at" datetime, "updated_at" datetime);
CREATE TABLE IF NOT EXISTS "food_pairings" ("id" integer primary key autoincrement not null, "name" varchar not null, "created_at" datetime, "updated_at" datetime, "dish_id" integer);
CREATE TABLE IF NOT EXISTS "grape_wine" ("id" integer primary key autoincrement not null, "wine_id" integer not null, "grape_id" integer not null, "created_at" datetime, "updated_at" datetime, foreign key("wine_id") references "wines"("id") on delete cascade, foreign key("grape_id") references "grapes"("id") on delete cascade);
CREATE TABLE IF NOT EXISTS "food_pairing_wine" ("id" integer primary key autoincrement not null, "wine_id" integer not null, "food_pairing_id" integer not null, "created_at" datetime, "updated_at" datetime, foreign key("wine_id") references "wines"("id") on delete cascade, foreign key("food_pairing_id") references "food_pairings"("id") on delete cascade);
CREATE TABLE IF NOT EXISTS "dish_food_pairing" ("id" integer primary key autoincrement not null, "dish_id" integer not null, "food_pairing_id" integer not null, "created_at" datetime, "updated_at" datetime, foreign key("dish_id") references "dishes"("id") on delete cascade, foreign key("food_pairing_id") references "food_pairings"("id") on delete cascade);
CREATE TABLE IF NOT EXISTS "dish_wine" ("id" integer primary key autoincrement not null, "dish_id" integer not null, "wine_id" integer not null, "created_at" datetime, "updated_at" datetime, foreign key("dish_id") references "dishes"("id") on delete cascade, foreign key("wine_id") references "wines"("id") on delete cascade);
INSERT INTO dish_wine VALUES(1,11,1,NULL,NULL);
INSERT INTO dish_wine VALUES(2,22,2,NULL,NULL);
CREATE TABLE IF NOT EXISTS "wines" ("id" integer primary key autoincrement not null, "name" varchar not null, "description" text, "price" numeric not null, "category_id" integer, "image" varchar, "created_at" datetime, "updated_at" datetime, "visible" tinyint(1) not null default '1', "region_id" integer, "type_id" integer, "position" integer not null default '0', "featured_on_cover" tinyint(1) not null default '0', foreign key("category_id") references "wine_categories"("id") on delete cascade on update no action);
INSERT INTO wines VALUES(1,'Capicciono','oiqwjoiehfo1w',4,8,'wine_images/RGw8ssJ0gnMZALgZoXzWpFKJ74vANhNQJDvfBNwe.jpg','2025-12-24 10:35:14','2025-12-24 10:35:14',1,NULL,NULL,0,0);
INSERT INTO wines VALUES(2,'chai late','qejkhojewc',4,9,'wine_images/cNSiPzEmz2qBUAibRgzmRcKFnJf5XRZlNHJZrsR8.jpg','2025-12-24 10:36:28','2025-12-24 10:36:28',1,NULL,NULL,0,0);
INSERT INTO wines VALUES(3,'Bebida de temporada  1','okja[odijco',3,10,'wine_images/WtyHpdQqTp6yC376EeELjcN1wT4LlWYEsIsTO2Cu.jpg','2025-12-27 16:00:54','2025-12-27 16:00:54',1,NULL,NULL,0,0);
CREATE TABLE IF NOT EXISTS "events" ("id" integer primary key autoincrement not null, "title" varchar not null, "slug" varchar not null, "description" text, "start_at" datetime not null, "end_at" datetime, "hero_image" varchar, "map_image" varchar, "is_active" tinyint(1) not null default '0', "additional_info" text, "created_at" datetime, "updated_at" datetime);
CREATE TABLE IF NOT EXISTS "event_sections" ("id" integer primary key autoincrement not null, "event_id" integer not null, "name" varchar not null, "slug" varchar not null, "description" text, "capacity" integer not null default '0', "available_slots" integer not null default '0', "price_per_person" numeric not null default '0', "flat_price" numeric, "layout_coordinates" text, "is_active" tinyint(1) not null default '1', "created_at" datetime, "updated_at" datetime, foreign key("event_id") references "events"("id") on delete cascade);
CREATE TABLE IF NOT EXISTS "event_tickets" ("id" integer primary key autoincrement not null, "event_id" integer not null, "event_section_id" integer not null, "customer_name" varchar not null, "customer_email" varchar, "guest_count" integer not null default '1', "total_paid" numeric not null, "ticket_code" varchar not null, "meta" text, "status" varchar check ("status" in ('pending', 'paid', 'cancelled')) not null default 'pending', "created_at" datetime, "updated_at" datetime, foreign key("event_id") references "events"("id") on delete cascade, foreign key("event_section_id") references "event_sections"("id") on delete cascade);
CREATE TABLE IF NOT EXISTS "event_notifications" ("id" integer primary key autoincrement not null, "event_id" integer, "name" varchar not null, "email" varchar not null, "confirmed" tinyint(1) not null default '0', "confirmation_token" varchar, "created_at" datetime, "updated_at" datetime, foreign key("event_id") references "events"("id") on delete cascade);
INSERT INTO event_notifications VALUES(1,NULL,'carlo','cariver30@me.com',0,'iYkKBSf9ojUVrCJTiuWPUdIlsKdBKX9r','2025-12-24 13:44:03','2025-12-24 13:44:03');
CREATE TABLE IF NOT EXISTS "event_promotions" ("id" integer primary key autoincrement not null, "title" varchar not null, "subject" varchar not null, "preview_text" varchar, "hero_image" varchar, "body_html" text not null, "attachments" text, "status" varchar check ("status" in ('draft', 'sending', 'sent', 'failed')) not null default 'draft', "sent_at" datetime, "send_count" integer not null default '0', "send_error" text, "created_at" datetime, "updated_at" datetime);
INSERT INTO event_promotions VALUES(1,'asfv','asfv','xbvaefb','promotions/pMDtCllTnA07P7x3wemPNCSkrBXiueBDo3JKbAfb.png','<p>zdc dgbsrgnsrgnsfg</p>','[]','failed',NULL,0,'Falta SendGrid API key o remitente.','2025-12-24 13:44:29','2025-12-24 13:44:29');
INSERT INTO event_promotions VALUES(2,'asfvadf','adv b','adfbadf','promotions/iW9tH8MA1V3FfjGQs9yBWl7G7AqUVWA7VP9cD6vF.jpg','<p>sdv asdg ad</p>','[]','sent','2025-12-24 13:46:45',1,NULL,'2025-12-24 13:46:45','2025-12-24 13:46:45');
INSERT INTO event_promotions VALUES(3,'asdcas','asc fdhn','vb sfg','promotions/4MLZtVLGbbwBAZ7c8tzvTETuoeQR7eDdJe2LtdP3.jpg','<p>zdfbsgnsdg</p>','[]','sent','2025-12-24 13:49:33',1,NULL,'2025-12-24 13:49:32','2025-12-24 13:49:33');
CREATE TABLE IF NOT EXISTS "loyalty_customers" ("id" integer primary key autoincrement not null, "name" varchar not null, "email" varchar not null, "phone" varchar, "points" integer not null default '0', "last_visit_at" datetime, "created_at" datetime, "updated_at" datetime);
CREATE TABLE IF NOT EXISTS "loyalty_rewards" ("id" integer primary key autoincrement not null, "title" varchar not null, "description" text, "points_required" integer not null, "active" tinyint(1) not null default '1', "created_at" datetime, "updated_at" datetime);
CREATE TABLE IF NOT EXISTS "loyalty_visits" ("id" integer primary key autoincrement not null, "server_id" integer not null, "expected_name" varchar not null, "expected_email" varchar not null, "expected_phone" varchar not null, "qr_token" varchar not null, "status" varchar check ("status" in ('pending', 'confirmed', 'expired')) not null default 'pending', "points_awarded" integer not null default '0', "confirmed_at" datetime, "customer_snapshot" text, "created_at" datetime, "updated_at" datetime, foreign key("server_id") references "users"("id") on delete cascade);
INSERT INTO loyalty_visits VALUES(1,4,'hjjh','cariver30@me.com','7872369189','ff9dd4e1-c5f5-4e1a-8d39-ce709a28dbd6','pending',10,NULL,NULL,'2025-12-23 17:40:26','2025-12-23 17:40:26');
CREATE TABLE IF NOT EXISTS "loyalty_redemptions" ("id" integer primary key autoincrement not null, "loyalty_customer_id" integer not null, "loyalty_reward_id" integer not null, "points_used" integer not null, "status" varchar check ("status" in ('pending', 'approved', 'rejected')) not null default 'pending', "approved_by" integer, "notes" text, "created_at" datetime, "updated_at" datetime, foreign key("loyalty_customer_id") references "loyalty_customers"("id") on delete cascade, foreign key("loyalty_reward_id") references "loyalty_rewards"("id") on delete cascade, foreign key("approved_by") references "users"("id") on delete set null);
CREATE TABLE IF NOT EXISTS "cocktail_dish" ("id" integer primary key autoincrement not null, "cocktail_id" integer not null, "dish_id" integer not null, "created_at" datetime, "updated_at" datetime, foreign key("cocktail_id") references "cocktails"("id") on delete cascade, foreign key("dish_id") references "dishes"("id") on delete cascade);
CREATE TABLE IF NOT EXISTS "cover_carousel_items" ("id" integer primary key autoincrement not null, "title" varchar not null, "subtitle" text, "image_path" varchar not null, "link_label" varchar, "link_url" text, "position" integer not null default '0', "visible" tinyint(1) not null default '1', "created_at" datetime, "updated_at" datetime);
INSERT INTO cover_carousel_items VALUES(4,'asdcq','sdcasd','cover_carousel/ADwOynQiFpuXpYNSfej67yuvMZphxAFYRxxSqFGP.png','ZCasd','http://127.0.0.1:8003/menu#dish1',0,1,'2025-12-24 11:47:22','2025-12-24 11:47:22');
INSERT INTO cover_carousel_items VALUES(5,'asdcq','sdcasd','cover_carousel/jpqXUAqaMkZQ5cHwiT75qKSlUsckMiQpOttUCght.jpg','ZCasd','http://127.0.0.1:8003/menu#dish1',0,1,'2025-12-24 11:55:27','2025-12-24 11:55:27');
CREATE TABLE IF NOT EXISTS "dish_recommendations" ("id" integer primary key autoincrement not null, "dish_id" integer not null, "recommended_dish_id" integer not null, "created_at" datetime, "updated_at" datetime, foreign key("dish_id") references "dishes"("id") on delete cascade, foreign key("recommended_dish_id") references "dishes"("id") on delete cascade);
INSERT INTO dish_recommendations VALUES(1,1,5,NULL,NULL);
INSERT INTO dish_recommendations VALUES(2,1,18,NULL,NULL);
INSERT INTO dish_recommendations VALUES(3,1,41,NULL,NULL);
INSERT INTO dish_recommendations VALUES(4,1,13,NULL,NULL);
INSERT INTO dish_recommendations VALUES(5,1,14,NULL,NULL);
INSERT INTO dish_recommendations VALUES(6,1,21,NULL,NULL);
CREATE TABLE IF NOT EXISTS "extras" ("id" integer primary key autoincrement not null, "name" varchar not null, "price" numeric not null default '0', "description" varchar, "view_scope" varchar not null default 'global', "active" tinyint(1) not null default '1', "created_at" datetime, "updated_at" datetime);
INSERT INTO extras VALUES(1,'Aguacate',2.5,'extra aguate natural','menu',1,'2025-12-27 15:32:05','2025-12-27 15:32:23');
CREATE TABLE IF NOT EXISTS "extra_assignments" ("id" integer primary key autoincrement not null, "extra_id" integer not null, "assignable_type" varchar not null, "assignable_id" integer not null, "created_at" datetime, "updated_at" datetime, foreign key("extra_id") references "extras"("id") on delete cascade);
INSERT INTO extra_assignments VALUES(1,1,'App\Models\Dish',1,'2025-12-27 15:44:24','2025-12-27 15:44:24');
CREATE TABLE IF NOT EXISTS "table_sessions" ("id" integer primary key autoincrement not null, "server_id" integer not null, "table_label" varchar not null, "party_size" integer not null, "guest_name" varchar not null, "guest_email" varchar not null, "guest_phone" varchar not null, "qr_token" varchar not null, "status" varchar check ("status" in ('active', 'closed', 'expired')) not null default 'active', "expires_at" datetime, "closed_at" datetime, "created_at" datetime, "updated_at" datetime, foreign key("server_id") references "users"("id") on delete cascade);
INSERT INTO table_sessions VALUES(1,6,'4',10,'Juan','cariver30@gmail.com','7872369189','beee0c7f-a552-4949-ad5b-5bf806f3eff7','expired','2026-01-13 19:50:38',NULL,'2026-01-13 18:50:39','2026-01-13 19:50:49');
CREATE TABLE IF NOT EXISTS "orders" ("id" integer primary key autoincrement not null, "table_session_id" integer not null, "server_id" integer not null, "status" varchar check ("status" in ('pending', 'confirmed', 'cancelled')) not null default 'pending', "confirmed_at" datetime, "cancelled_at" datetime, "created_at" datetime, "updated_at" datetime, foreign key("table_session_id") references "table_sessions"("id") on delete cascade, foreign key("server_id") references "users"("id") on delete cascade);
INSERT INTO orders VALUES(1,1,6,'pending',NULL,NULL,'2026-01-13 19:25:18','2026-01-13 19:25:18');
CREATE TABLE IF NOT EXISTS "order_items" ("id" integer primary key autoincrement not null, "order_id" integer not null, "itemable_type" varchar not null, "itemable_id" integer not null, "name" varchar not null, "quantity" integer not null default '1', "unit_price" numeric not null default '0', "notes" text, "category_scope" varchar, "category_id" integer, "category_name" varchar, "category_order" integer not null default '0', "created_at" datetime, "updated_at" datetime, foreign key("order_id") references "orders"("id") on delete cascade);
INSERT INTO order_items VALUES(1,1,'App\Models\Dish',38,'Pedacitos',1,4,NULL,'menu',5,'Menú de chitines',5,'2026-01-13 19:25:18','2026-01-13 19:25:18');
INSERT INTO order_items VALUES(2,1,'App\Models\Dish',34,'Iced Chai Latte',1,5.5,NULL,'menu',4,'Postres y otros',4,'2026-01-13 19:25:18','2026-01-13 19:25:18');
INSERT INTO order_items VALUES(3,1,'App\Models\Dish',31,'Choco Chip + Almond Cheesecake Waffle',1,12,NULL,'menu',4,'Postres y otros',4,'2026-01-13 19:25:18','2026-01-13 19:25:18');
CREATE TABLE IF NOT EXISTS "order_item_extras" ("id" integer primary key autoincrement not null, "order_item_id" integer not null, "extra_id" integer, "name" varchar not null, "price" numeric not null default '0', "quantity" integer not null default '1', "created_at" datetime, "updated_at" datetime, foreign key("order_item_id") references "order_items"("id") on delete cascade, foreign key("extra_id") references "extras"("id") on delete set null);
CREATE TABLE IF NOT EXISTS "cocktail_categories" ("id" integer primary key autoincrement not null, "name" varchar not null, "order" integer not null default '0', "show_on_cover" tinyint(1) not null default '0', "cover_title" varchar, "cover_subtitle" varchar, "created_at" datetime, "updated_at" datetime);
CREATE TABLE IF NOT EXISTS "wine_categories" ("id" integer primary key autoincrement not null, "name" varchar not null, "order" integer not null default '0', "show_on_cover" tinyint(1) not null default '0', "cover_title" varchar, "cover_subtitle" varchar, "created_at" datetime, "updated_at" datetime);
INSERT INTO sqlite_sequence VALUES('migrations',93);
INSERT INTO sqlite_sequence VALUES('wines',3);
INSERT INTO sqlite_sequence VALUES('users',6);
INSERT INTO sqlite_sequence VALUES('settings',1);
INSERT INTO sqlite_sequence VALUES('categories',10);
INSERT INTO sqlite_sequence VALUES('dishes',41);
INSERT INTO sqlite_sequence VALUES('loyalty_visits',1);
INSERT INTO sqlite_sequence VALUES('dish_wine',2);
INSERT INTO sqlite_sequence VALUES('cover_carousel_items',5);
INSERT INTO sqlite_sequence VALUES('cocktails',2);
INSERT INTO sqlite_sequence VALUES('event_notifications',1);
INSERT INTO sqlite_sequence VALUES('event_promotions',3);
INSERT INTO sqlite_sequence VALUES('dish_recommendations',6);
INSERT INTO sqlite_sequence VALUES('extras',1);
INSERT INTO sqlite_sequence VALUES('extra_assignments',1);
INSERT INTO sqlite_sequence VALUES('table_sessions',1);
INSERT INTO sqlite_sequence VALUES('orders',1);
INSERT INTO sqlite_sequence VALUES('order_items',3);
CREATE UNIQUE INDEX "users_email_unique" on "users" ("email");
CREATE INDEX "sessions_user_id_index" on "sessions" ("user_id");
CREATE INDEX "sessions_last_activity_index" on "sessions" ("last_activity");
CREATE INDEX "jobs_queue_index" on "jobs" ("queue");
CREATE UNIQUE INDEX "failed_jobs_uuid_unique" on "failed_jobs" ("uuid");
CREATE UNIQUE INDEX "wine_types_name_unique" on "wine_types" ("name");
CREATE UNIQUE INDEX "grapes_name_unique" on "grapes" ("name");
CREATE UNIQUE INDEX "regions_name_unique" on "regions" ("name");
CREATE UNIQUE INDEX "food_pairings_name_unique" on "food_pairings" ("name");
CREATE UNIQUE INDEX "events_slug_unique" on "events" ("slug");
CREATE UNIQUE INDEX "event_tickets_ticket_code_unique" on "event_tickets" ("ticket_code");
CREATE UNIQUE INDEX "event_notifications_event_id_email_unique" on "event_notifications" ("event_id", "email");
CREATE UNIQUE INDEX "loyalty_customers_email_unique" on "loyalty_customers" ("email");
CREATE UNIQUE INDEX "loyalty_visits_qr_token_unique" on "loyalty_visits" ("qr_token");
CREATE UNIQUE INDEX "users_api_token_unique" on "users" ("api_token");
CREATE UNIQUE INDEX "dish_recommendations_unique" on "dish_recommendations" ("dish_id", "recommended_dish_id");
CREATE INDEX "extra_assignments_assignable_type_assignable_id_index" on "extra_assignments" ("assignable_type", "assignable_id");
CREATE UNIQUE INDEX "extra_assignments_unique" on "extra_assignments" ("extra_id", "assignable_id", "assignable_type");
CREATE INDEX "table_sessions_status_expires_at_index" on "table_sessions" ("status", "expires_at");
CREATE UNIQUE INDEX "table_sessions_qr_token_unique" on "table_sessions" ("qr_token");
CREATE INDEX "orders_status_server_id_index" on "orders" ("status", "server_id");
CREATE INDEX "order_items_itemable_type_itemable_id_index" on "order_items" ("itemable_type", "itemable_id");
CREATE INDEX "order_items_category_scope_category_order_index" on "order_items" ("category_scope", "category_order");
COMMIT;
